page,issues
404.html,title short 29; no og:title; no og:description; no og:image; no og:url; no twitter:card
about.html,heading jump h2->h4
ap-calculus-frq-books.html,desc long 170; no twitter:card; heading jump h2->h4
blog-become-edutuber.html,no twitter:card; heading jump h2->h4
blog-five-minute-rule.html,desc long 189; no twitter:card; heading jump h2->h4
blog-flipped-first-class.html,desc long 177; no twitter:card; heading jump h2->h4
blog-flipped-mistakes.html,no twitter:card; heading jump h2->h4
blog.html,heading jump h2->h4
bundle-thanks.html,no meta description; no og:title; no og:description; no og:image; no og:url; no twitter:card; no canonical
button-icon-preview.html,no meta description; no og:title; no og:description; no og:image; no og:url; no twitter:card; no canonical
button-options-preview.html,no meta description; no og:title; no og:description; no og:image; no og:url; no twitter:card; no canonical; 2 h1
contact-thanks.html,title short 27; desc short 67; no og:title; no og:description; no og:image; no og:url; no twitter:card; heading jump h1->h3
contact.html,heading jump h2->h4
courses-v2.html,no og:image; no twitter:card
courses.html,heading jump h2->h4
courses/algebra/algebra-filipino/worksheets/index.html,desc long 171
courses/algebra/elementary-algebra-filipino/worksheets/index.html,desc long 193
courses/algebra/elementary-algebra/worksheets/index.html,desc long 175
courses/algebra/intermediate-algebra-filipino/worksheets/index.html,title long 66; desc long 220
courses/algebra/intermediate-algebra/worksheets/index.html,desc long 171
courses/analytic-geometry/analytic-geometry-english/worksheets/index.html,desc long 173
courses/analytic-geometry/analytic-geometry-filipino/worksheets/index.html,desc long 190
courses/calculus/calculus-english/worksheets/index.html,heading jump h1->h3
courses/calculus/calculus-filipino/worksheets/index.html,heading jump h1->h3
courses/calculus/derivatives-english/worksheets/index.html,desc long 166
courses/calculus/derivatives-filipino/worksheets/index.html,desc long 167
courses/calculus/limits-filipino/worksheets/index.html,desc long 179
courses/discrete-math/discrete-math-filipino/worksheets/index.html,desc long 180
courses/geometry/geometry-filipino/worksheets/index.html,desc long 180
courses/linear-algebra/linear-algebra-english/worksheets/index.html,desc long 173
courses/linear-algebra/linear-algebra-filipino/worksheets/index.html,desc long 190
courses/logarithms/logarithms-english/worksheets/index.html,heading jump h1->h3
courses/logarithms/logarithms-filipino/worksheets/index.html,desc long 190; heading jump h1->h3
courses/math-in-a-minute/math-in-a-minute-english/worksheets/index.html,title long 66; heading jump h2->h4
courses/math-in-a-minute/math-in-a-minute-filipino/worksheets/index.html,title long 67; desc short 79; heading jump h2->h4
courses/precalculus/precalculus-filipino/worksheets/index.html,desc long 172
courses/statistics/inferential-statistics-english/worksheets/index.html,title long 67; desc long 183
courses/statistics/inferential-statistics-filipino/worksheets/index.html,title long 68; desc long 208
courses/statistics/statistics-english/worksheets/index.html,desc long 169
courses/statistics/statistics-filipino/worksheets/index.html,desc long 186
courses/trigonometry/trigonometry-filipino/worksheets/index.html,desc long 183
filipino-page-preview.html,no meta description; no og:title; no og:description; no og:image; no og:url; no twitter:card; no canonical
find-course-thanks.html,desc short 69; no og:title; no og:description; no og:image; no og:url; no twitter:card; heading jump h1->h3
flipped-classroom-ap-statistics.html,heading jump h2->h4
flipped-classroom-books.html,no twitter:card; heading jump h2->h4
flipped-classroom-distance-learning.html,no twitter:card; heading jump h2->h4
flipped-classroom-higher-ed.html,no twitter:card; heading jump h2->h4
flipped-classroom-math.html,no twitter:card; heading jump h2->h4
flipped-classroom-mistakes.html,desc long 171; no twitter:card; heading jump h2->h4
flipped-classroom-quickstart.html,no twitter:card
flipped-classroom-research.html,no twitter:card; heading jump h2->h4
flipped-classroom-videos.html,desc long 171; no twitter:card; heading jump h2->h4
for-filipino-students.html,heading jump h2->h4
for-teachers.html,heading jump h2->h4
index.html,heading jump h2->h4
learn/elementary-algebra/quiz-sample.html,no meta description; no og:title; no og:description; no og:image; no og:url; no twitter:card; no canonical
math-worksheets.html,desc long 200; heading jump h2->h4
newsletter-thanks.html,desc short 54; no og:title; no og:description; no og:image; no og:url; no twitter:card
press.html,heading jump h2->h4
privacy.html,title short 29; heading jump h2->h4
speaking-2025-06-otc.html,heading jump h2->h4; heading jump h2->h4
speaking-2025-07-luisiana.html,heading jump h2->h4; heading jump h2->h4
speaking-2025-08-seameo-indonesia.html,desc long 181; heading jump h2->h4; heading jump h2->h4
speaking-2026-03-site-philadelphia.html,heading jump h2->h4; heading jump h2->h4
speaking-2026-04-actla-51.html,desc long 178; heading jump h2->h4; heading jump h2->h4
speaking-archive.html,heading jump h2->h4
speaking.html,heading jump h2->h4
subjects/algebra/index.html,no og:image; no twitter:card; heading jump h1->h4
subjects/calculus/index.html,desc long 177; no og:image; no twitter:card; heading jump h1->h4
subjects/discrete-math/index.html,desc long 168; no og:image; no twitter:card; heading jump h1->h4
subjects/geometry/index.html,desc long 183; no og:image; no twitter:card; heading jump h1->h4
subjects/linear-algebra/index.html,no og:image; no twitter:card; heading jump h1->h4
subjects/pre-algebra/index.html,no og:image; no twitter:card; heading jump h1->h4
subjects/precalculus/index.html,desc long 173; no og:image; no twitter:card; heading jump h1->h4
subjects/statistics/index.html,desc long 171; no og:image; no twitter:card; heading jump h1->h4
subjects/test-prep/index.html,no og:image; no twitter:card
subjects/trigonometry/index.html,desc long 179; no og:image; no twitter:card; heading jump h1->h4
teach-it-like-you-stream-it.html,desc long 182; heading jump h2->h4
teacher-resources.html,heading jump h1->h3
thank-you.html,desc short 107; no og:title; no og:description; no og:image; no og:url; no twitter:card
